INSERT INTO persons
VALUES
  ('11111', 'Allen', 'Ackintosh', '692 Promiscuous Plaza', 'ItsATrap@starwars.org','3265553492'),
  ('22222', 'Barry', 'BoDiddly', '314 Savage Circle', 'neverGonnaGive@you.up', '3265553847'),
  ('33333', 'Charles', 'Cox', '1240 Ambient Avenue', 'onceUponATime@fantasy.ca', '3265558456'),
  ('44444', 'Darwin', 'Demosiac', '281 Bumblepuppy Boulevard', 'leeeeeeeeeeroy@jen.kins', '3285552349'),
  ('55555', 'Eleanor', 'Eberly', '1023 Bokanovsky Lane', 'knockKnock@whos.there', '3265556329'),
  ('66666', 'Fred', 'Frugal', '944 Soma Court', 'fake@fake.fake', '3295552478');
  
INSERT INTO users
VALUES
  ('iamthewalrus', 'kukukachu', 'a', '11111', "2001-01-01"),
  ('eliteHacker', 'pass123', 'p', '22222', "2002-02-02"),
  ('user3', 'fffffff', 'p', '33333', "2003-03-03"),
  ('user4', 'dddddddd', 'd', '44444', "2004-04-04"),
  ('user5', 'sssssss', 'd', '55555', "2005-05-05"),
  ('user6', 'aaaaaaaa', 'r', '66666', "2006-06-06");
  
INSERT INTO family_doctor
VALUES
	('44444', '22222'),
	('44444', '33333'),
	('55555', '33333');
	
INSERT INTO radiology_record
VALUES
	('1', '22222', '44444', '66666', 'fakeTest1', "2002-04-04", "2002-05-06", "diagnosis11111aaaaaaaaaaaaaaaa", "description11111ssssssssssssssssssssssssssssssssssssssssssssssssssssssssssssss"),
	('2', '22222', '44444', '66666', 'fakeTest1', "2002-06-04", "2002-07-06", "diagnosis22222aaaaaaaaaaaaaaaa", "description22222ssssssssssssssssssssssssssssssssssssssssssssssssssssssssssssss"),
	('3', '22222', '44444', '66666', 'fakeTest1', "2002-08-04", "2002-09-06", "diagnosis33333aaaaaaaaaaaaaaaa", "description33333ssssssssssssssssssssssssssssssssssssssssssssssssssssssssssssss"),
	('4', '33333', '44444', '66666', 'fakeTest1', "2003-04-04", "2002-05-06", "diagnosis44444aaaaaaaaaaaaaaaa", "description44444ssssssssssssssssssssssssssssssssssssssssssssssssssssssssssssss"),
	('5', '33333', '55555', '66666', 'fakeTest1', "2003-05-04", "2002-06-06", "diagnosis55555aaaaaaaaaaaaaaaa", "description55555ssssssssssssssssssssssssssssssssssssssssssssssssssssssssssssss"),
	('6', '33333', '44444', '66666', 'fakeTest1', "2003-07-04", "2002-08-06", "diagnosis66666aaaaaaaaaaaaaaaa", "description66666ssssssssssssssssssssssssssssssssssssssssssssssssssssssssssssss");